{"name":"Springbootcrudoperation","classpathEntries":[{"kind":"binary","path":"C:\\Program Files\\Java\\jdk-12\\lib\\jrt-fs.jar","sourceContainerUrl":"file:/C:/Program%20Files/Java/jdk-12/lib/src.zip","javadocContainerUrl":"https://docs.oracle.com/javase/12/docs/api/","isSystem":true,"isOwn":false,"isTest":false,"isJavaContent":false},{"kind":"binary","path":"C:\\Users\\poonam\\.m2\\repository\\org\\springframework\\boot\\spring-boot-starter-web\\2.1.1.RELEASE\\spring-boot-starter-web-2.1.1.RELEASE.jar","isSystem":false,"isOwn":false,"isTest":false,"isJavaContent":false},{"kind":"binary","path":"C:\\Users\\poonam\\.m2\\repository\\org\\springframework\\boot\\spring-boot-starter\\2.1.1.RELEASE\\spring-boot-starter-2.1.1.RELEASE.jar","isSystem":false,"isOwn":false,"isTest":false,"isJavaContent":false},{"kind":"binary","path":"C:\\Users\\poonam\\.m2\\repository\\org\\springframework\\boot\\spring-boot\\2.1.1.RELEASE\\spring-boot-2.1.1.RELEASE.jar","sourceContainerUrl":"file:/C:/Users/poonam/.m2/repository/org/springframework/boot/spring-boot/2.1.1.RELEASE/spring-boot-2.1.1.RELEASE-sources.jar","javadocContainerUrl":"file:/C:/Users/poonam/.m2/repository/org/springframework/boot/spring-boot/2.1.1.RELEASE/spring-boot-2.1.1.RELEASE-javadoc.jar","isSystem":false,"isOwn":false,"isTest":false,"isJavaContent":false},{"kind":"binary","path":"C:\\Users\\poonam\\.m2\\repository\\org\\springframework\\boot\\spring-boot-autoconfigure\\2.1.1.RELEASE\\spring-boot-autoconfigure-2.1.1.RELEASE.jar","sourceContainerUrl":"file:/C:/Users/poonam/.m2/repository/org/springframework/boot/spring-boot-autoconfigure/2.1.1.RELEASE/spring-boot-autoconfigure-2.1.1.RELEASE-sources.jar","javadocContainerUrl":"file:/C:/Users/poonam/.m2/repository/org/springframework/boot/spring-boot-autoconfigure/2.1.1.RELEASE/spring-boot-autoconfigure-2.1.1.RELEASE-javadoc.jar","isSystem":false,"isOwn":false,"isTest":false,"isJavaContent":false},{"kind":"binary","path":"C:\\Users\\poonam\\.m2\\repository\\org\\springframework\\boot\\spring-boot-starter-logging\\2.1.1.RELEASE\\spring-boot-starter-logging-2.1.1.RELEASE.jar","isSystem":false,"isOwn":false,"isTest":false,"isJavaContent":false},{"kind":"binary","path":"C:\\Users\\poonam\\.m2\\repository\\ch\\qos\\logback\\logback-classic\\1.2.3\\logback-classic-1.2.3.jar","sourceContainerUrl":"file:/C:/Users/poonam/.m2/repository/ch/qos/logback/logback-classic/1.2.3/logback-classic-1.2.3-sources.jar","javadocContainerUrl":"file:/C:/Users/poonam/.m2/repository/ch/qos/logback/logback-classic/1.2.3/logback-classic-1.2.3-javadoc.jar","isSystem":false,"isOwn":false,"isTest":false,"isJavaContent":false},{"kind":"binary","path":"C:\\Users\\poonam\\.m2\\repository\\ch\\qos\\logback\\logback-core\\1.2.3\\logback-core-1.2.3.jar","sourceContainerUrl":"file:/C:/Users/poonam/.m2/repository/ch/qos/logback/logback-core/1.2.3/logback-core-1.2.3-sources.jar","javadocContainerUrl":"file:/C:/Users/poonam/.m2/repository/ch/qos/logback/logback-core/1.2.3/logback-core-1.2.3-javadoc.jar","isSystem":false,"isOwn":false,"isTest":false,"isJavaContent":false},{"kind":"binary","path":"C:\\Users\\poonam\\.m2\\repository\\org\\apache\\logging\\log4j\\log4j-to-slf4j\\2.11.1\\log4j-to-slf4j-2.11.1.jar","sourceContainerUrl":"file:/C:/Users/poonam/.m2/repository/org/apache/logging/log4j/log4j-to-slf4j/2.11.1/log4j-to-slf4j-2.11.1-sources.jar","javadocContainerUrl":"file:/C:/Users/poonam/.m2/repository/org/apache/logging/log4j/log4j-to-slf4j/2.11.1/log4j-to-slf4j-2.11.1-javadoc.jar","isSystem":false,"isOwn":false,"isTest":false,"isJavaContent":false},{"kind":"binary","path":"C:\\Users\\poonam\\.m2\\repository\\org\\apache\\logging\\log4j\\log4j-api\\2.11.1\\log4j-api-2.11.1.jar","sourceContainerUrl":"file:/C:/Users/poonam/.m2/repository/org/apache/logging/log4j/log4j-api/2.11.1/log4j-api-2.11.1-sources.jar","javadocContainerUrl":"file:/C:/Users/poonam/.m2/repository/org/apache/logging/log4j/log4j-api/2.11.1/log4j-api-2.11.1-javadoc.jar","isSystem":false,"isOwn":false,"isTest":false,"isJavaContent":false},{"kind":"binary","path":"C:\\Users\\poonam\\.m2\\repository\\org\\slf4j\\jul-to-slf4j\\1.7.25\\jul-to-slf4j-1.7.25.jar","sourceContainerUrl":"file:/C:/Users/poonam/.m2/repository/org/slf4j/jul-to-slf4j/1.7.25/jul-to-slf4j-1.7.25-sources.jar","javadocContainerUrl":"file:/C:/Users/poonam/.m2/repository/org/slf4j/jul-to-slf4j/1.7.25/jul-to-slf4j-1.7.25-javadoc.jar","isSystem":false,"isOwn":false,"isTest":false,"isJavaContent":false},{"kind":"binary","path":"C:\\Users\\poonam\\.m2\\repository\\javax\\annotation\\javax.annotation-api\\1.3.2\\javax.annotation-api-1.3.2.jar","sourceContainerUrl":"file:/C:/Users/poonam/.m2/repository/javax/annotation/javax.annotation-api/1.3.2/javax.annotation-api-1.3.2-sources.jar","javadocContainerUrl":"file:/C:/Users/poonam/.m2/repository/javax/annotation/javax.annotation-api/1.3.2/javax.annotation-api-1.3.2-javadoc.jar","isSystem":false,"isOwn":false,"isTest":false,"isJavaContent":false},{"kind":"binary","path":"C:\\Users\\poonam\\.m2\\repository\\org\\springframework\\spring-core\\5.1.3.RELEASE\\spring-core-5.1.3.RELEASE.jar","sourceContainerUrl":"file:/C:/Users/poonam/.m2/repository/org/springframework/spring-core/5.1.3.RELEASE/spring-core-5.1.3.RELEASE-sources.jar","javadocContainerUrl":"file:/C:/Users/poonam/.m2/repository/org/springframework/spring-core/5.1.3.RELEASE/spring-core-5.1.3.RELEASE-javadoc.jar","isSystem":false,"isOwn":false,"isTest":false,"isJavaContent":false},{"kind":"binary","path":"C:\\Users\\poonam\\.m2\\repository\\org\\springframework\\spring-jcl\\5.1.3.RELEASE\\spring-jcl-5.1.3.RELEASE.jar","sourceContainerUrl":"file:/C:/Users/poonam/.m2/repository/org/springframework/spring-jcl/5.1.3.RELEASE/spring-jcl-5.1.3.RELEASE-sources.jar","javadocContainerUrl":"file:/C:/Users/poonam/.m2/repository/org/springframework/spring-jcl/5.1.3.RELEASE/spring-jcl-5.1.3.RELEASE-javadoc.jar","isSystem":false,"isOwn":false,"isTest":false,"isJavaContent":false},{"kind":"binary","path":"C:\\Users\\poonam\\.m2\\repository\\org\\yaml\\snakeyaml\\1.23\\snakeyaml-1.23.jar","sourceContainerUrl":"file:/C:/Users/poonam/.m2/repository/org/yaml/snakeyaml/1.23/snakeyaml-1.23-sources.jar","javadocContainerUrl":"file:/C:/Users/poonam/.m2/repository/org/yaml/snakeyaml/1.23/snakeyaml-1.23-javadoc.jar","isSystem":false,"isOwn":false,"isTest":false,"isJavaContent":false},{"kind":"binary","path":"C:\\Users\\poonam\\.m2\\repository\\org\\springframework\\boot\\spring-boot-starter-json\\2.1.1.RELEASE\\spring-boot-starter-json-2.1.1.RELEASE.jar","isSystem":false,"isOwn":false,"isTest":false,"isJavaContent":false},{"kind":"binary","path":"C:\\Users\\poonam\\.m2\\repository\\com\\fasterxml\\jackson\\core\\jackson-databind\\2.9.7\\jackson-databind-2.9.7.jar","sourceContainerUrl":"file:/C:/Users/poonam/.m2/repository/com/fasterxml/jackson/core/jackson-databind/2.9.7/jackson-databind-2.9.7-sources.jar","javadocContainerUrl":"file:/C:/Users/poonam/.m2/repository/com/fasterxml/jackson/core/jackson-databind/2.9.7/jackson-databind-2.9.7-javadoc.jar","isSystem":false,"isOwn":false,"isTest":false,"isJavaContent":false},{"kind":"binary","path":"C:\\Users\\poonam\\.m2\\repository\\com\\fasterxml\\jackson\\core\\jackson-annotations\\2.9.0\\jackson-annotations-2.9.0.jar","sourceContainerUrl":"file:/C:/Users/poonam/.m2/repository/com/fasterxml/jackson/core/jackson-annotations/2.9.0/jackson-annotations-2.9.0-sources.jar","javadocContainerUrl":"file:/C:/Users/poonam/.m2/repository/com/fasterxml/jackson/core/jackson-annotations/2.9.0/jackson-annotations-2.9.0-javadoc.jar","isSystem":false,"isOwn":false,"isTest":false,"isJavaContent":false},{"kind":"binary","path":"C:\\Users\\poonam\\.m2\\repository\\com\\fasterxml\\jackson\\core\\jackson-core\\2.9.7\\jackson-core-2.9.7.jar","sourceContainerUrl":"file:/C:/Users/poonam/.m2/repository/com/fasterxml/jackson/core/jackson-core/2.9.7/jackson-core-2.9.7-sources.jar","javadocContainerUrl":"file:/C:/Users/poonam/.m2/repository/com/fasterxml/jackson/core/jackson-core/2.9.7/jackson-core-2.9.7-javadoc.jar","isSystem":false,"isOwn":false,"isTest":false,"isJavaContent":false},{"kind":"binary","path":"C:\\Users\\poonam\\.m2\\repository\\com\\fasterxml\\jackson\\datatype\\jackson-datatype-jdk8\\2.9.7\\jackson-datatype-jdk8-2.9.7.jar","sourceContainerUrl":"file:/C:/Users/poonam/.m2/repository/com/fasterxml/jackson/datatype/jackson-datatype-jdk8/2.9.7/jackson-datatype-jdk8-2.9.7-sources.jar","javadocContainerUrl":"file:/C:/Users/poonam/.m2/repository/com/fasterxml/jackson/datatype/jackson-datatype-jdk8/2.9.7/jackson-datatype-jdk8-2.9.7-javadoc.jar","isSystem":false,"isOwn":false,"isTest":false,"isJavaContent":false},{"kind":"binary","path":"C:\\Users\\poonam\\.m2\\repository\\com\\fasterxml\\jackson\\datatype\\jackson-datatype-jsr310\\2.9.7\\jackson-datatype-jsr310-2.9.7.jar","sourceContainerUrl":"file:/C:/Users/poonam/.m2/repository/com/fasterxml/jackson/datatype/jackson-datatype-jsr310/2.9.7/jackson-datatype-jsr310-2.9.7-sources.jar","javadocContainerUrl":"file:/C:/Users/poonam/.m2/repository/com/fasterxml/jackson/datatype/jackson-datatype-jsr310/2.9.7/jackson-datatype-jsr310-2.9.7-javadoc.jar","isSystem":false,"isOwn":false,"isTest":false,"isJavaContent":false},{"kind":"binary","path":"C:\\Users\\poonam\\.m2\\repository\\com\\fasterxml\\jackson\\module\\jackson-module-parameter-names\\2.9.7\\jackson-module-parameter-names-2.9.7.jar","sourceContainerUrl":"file:/C:/Users/poonam/.m2/repository/com/fasterxml/jackson/module/jackson-module-parameter-names/2.9.7/jackson-module-parameter-names-2.9.7-sources.jar","javadocContainerUrl":"file:/C:/Users/poonam/.m2/repository/com/fasterxml/jackson/module/jackson-module-parameter-names/2.9.7/jackson-module-parameter-names-2.9.7-javadoc.jar","isSystem":false,"isOwn":false,"isTest":false,"isJavaContent":false},{"kind":"binary","path":"C:\\Users\\poonam\\.m2\\repository\\org\\springframework\\boot\\spring-boot-starter-tomcat\\2.1.1.RELEASE\\spring-boot-starter-tomcat-2.1.1.RELEASE.jar","isSystem":false,"isOwn":false,"isTest":false,"isJavaContent":false},{"kind":"binary","path":"C:\\Users\\poonam\\.m2\\repository\\org\\apache\\tomcat\\embed\\tomcat-embed-core\\9.0.13\\tomcat-embed-core-9.0.13.jar","sourceContainerUrl":"file:/C:/Users/poonam/.m2/repository/org/apache/tomcat/embed/tomcat-embed-core/9.0.13/tomcat-embed-core-9.0.13-sources.jar","isSystem":false,"isOwn":false,"isTest":false,"isJavaContent":false},{"kind":"binary","path":"C:\\Users\\poonam\\.m2\\repository\\org\\apache\\tomcat\\embed\\tomcat-embed-el\\9.0.13\\tomcat-embed-el-9.0.13.jar","sourceContainerUrl":"file:/C:/Users/poonam/.m2/repository/org/apache/tomcat/embed/tomcat-embed-el/9.0.13/tomcat-embed-el-9.0.13-sources.jar","isSystem":false,"isOwn":false,"isTest":false,"isJavaContent":false},{"kind":"binary","path":"C:\\Users\\poonam\\.m2\\repository\\org\\apache\\tomcat\\embed\\tomcat-embed-websocket\\9.0.13\\tomcat-embed-websocket-9.0.13.jar","sourceContainerUrl":"file:/C:/Users/poonam/.m2/repository/org/apache/tomcat/embed/tomcat-embed-websocket/9.0.13/tomcat-embed-websocket-9.0.13-sources.jar","isSystem":false,"isOwn":false,"isTest":false,"isJavaContent":false},{"kind":"binary","path":"C:\\Users\\poonam\\.m2\\repository\\org\\hibernate\\validator\\hibernate-validator\\6.0.13.Final\\hibernate-validator-6.0.13.Final.jar","sourceContainerUrl":"file:/C:/Users/poonam/.m2/repository/org/hibernate/validator/hibernate-validator/6.0.13.Final/hibernate-validator-6.0.13.Final-sources.jar","isSystem":false,"isOwn":false,"isTest":false,"isJavaContent":false},{"kind":"binary","path":"C:\\Users\\poonam\\.m2\\repository\\javax\\validation\\validation-api\\2.0.1.Final\\validation-api-2.0.1.Final.jar","sourceContainerUrl":"file:/C:/Users/poonam/.m2/repository/javax/validation/validation-api/2.0.1.Final/validation-api-2.0.1.Final-sources.jar","javadocContainerUrl":"file:/C:/Users/poonam/.m2/repository/javax/validation/validation-api/2.0.1.Final/validation-api-2.0.1.Final-javadoc.jar","isSystem":false,"isOwn":false,"isTest":false,"isJavaContent":false},{"kind":"binary","path":"C:\\Users\\poonam\\.m2\\repository\\org\\jboss\\logging\\jboss-logging\\3.3.2.Final\\jboss-logging-3.3.2.Final.jar","sourceContainerUrl":"file:/C:/Users/poonam/.m2/repository/org/jboss/logging/jboss-logging/3.3.2.Final/jboss-logging-3.3.2.Final-sources.jar","javadocContainerUrl":"file:/C:/Users/poonam/.m2/repository/org/jboss/logging/jboss-logging/3.3.2.Final/jboss-logging-3.3.2.Final-javadoc.jar","isSystem":false,"isOwn":false,"isTest":false,"isJavaContent":false},{"kind":"binary","path":"C:\\Users\\poonam\\.m2\\repository\\com\\fasterxml\\classmate\\1.4.0\\classmate-1.4.0.jar","sourceContainerUrl":"file:/C:/Users/poonam/.m2/repository/com/fasterxml/classmate/1.4.0/classmate-1.4.0-sources.jar","javadocContainerUrl":"file:/C:/Users/poonam/.m2/repository/com/fasterxml/classmate/1.4.0/classmate-1.4.0-javadoc.jar","isSystem":false,"isOwn":false,"isTest":false,"isJavaContent":false},{"kind":"binary","path":"C:\\Users\\poonam\\.m2\\repository\\org\\springframework\\spring-web\\5.1.3.RELEASE\\spring-web-5.1.3.RELEASE.jar","sourceContainerUrl":"file:/C:/Users/poonam/.m2/repository/org/springframework/spring-web/5.1.3.RELEASE/spring-web-5.1.3.RELEASE-sources.jar","javadocContainerUrl":"file:/C:/Users/poonam/.m2/repository/org/springframework/spring-web/5.1.3.RELEASE/spring-web-5.1.3.RELEASE-javadoc.jar","isSystem":false,"isOwn":false,"isTest":false,"isJavaContent":false},{"kind":"binary","path":"C:\\Users\\poonam\\.m2\\repository\\org\\springframework\\spring-beans\\5.1.3.RELEASE\\spring-beans-5.1.3.RELEASE.jar","sourceContainerUrl":"file:/C:/Users/poonam/.m2/repository/org/springframework/spring-beans/5.1.3.RELEASE/spring-beans-5.1.3.RELEASE-sources.jar","javadocContainerUrl":"file:/C:/Users/poonam/.m2/repository/org/springframework/spring-beans/5.1.3.RELEASE/spring-beans-5.1.3.RELEASE-javadoc.jar","isSystem":false,"isOwn":false,"isTest":false,"isJavaContent":false},{"kind":"binary","path":"C:\\Users\\poonam\\.m2\\repository\\org\\springframework\\spring-webmvc\\5.1.3.RELEASE\\spring-webmvc-5.1.3.RELEASE.jar","sourceContainerUrl":"file:/C:/Users/poonam/.m2/repository/org/springframework/spring-webmvc/5.1.3.RELEASE/spring-webmvc-5.1.3.RELEASE-sources.jar","javadocContainerUrl":"file:/C:/Users/poonam/.m2/repository/org/springframework/spring-webmvc/5.1.3.RELEASE/spring-webmvc-5.1.3.RELEASE-javadoc.jar","isSystem":false,"isOwn":false,"isTest":false,"isJavaContent":false},{"kind":"binary","path":"C:\\Users\\poonam\\.m2\\repository\\org\\springframework\\spring-aop\\5.1.3.RELEASE\\spring-aop-5.1.3.RELEASE.jar","sourceContainerUrl":"file:/C:/Users/poonam/.m2/repository/org/springframework/spring-aop/5.1.3.RELEASE/spring-aop-5.1.3.RELEASE-sources.jar","javadocContainerUrl":"file:/C:/Users/poonam/.m2/repository/org/springframework/spring-aop/5.1.3.RELEASE/spring-aop-5.1.3.RELEASE-javadoc.jar","isSystem":false,"isOwn":false,"isTest":false,"isJavaContent":false},{"kind":"binary","path":"C:\\Users\\poonam\\.m2\\repository\\org\\springframework\\spring-context\\5.1.3.RELEASE\\spring-context-5.1.3.RELEASE.jar","sourceContainerUrl":"file:/C:/Users/poonam/.m2/repository/org/springframework/spring-context/5.1.3.RELEASE/spring-context-5.1.3.RELEASE-sources.jar","javadocContainerUrl":"file:/C:/Users/poonam/.m2/repository/org/springframework/spring-context/5.1.3.RELEASE/spring-context-5.1.3.RELEASE-javadoc.jar","isSystem":false,"isOwn":false,"isTest":false,"isJavaContent":false},{"kind":"binary","path":"C:\\Users\\poonam\\.m2\\repository\\org\\springframework\\spring-expression\\5.1.3.RELEASE\\spring-expression-5.1.3.RELEASE.jar","sourceContainerUrl":"file:/C:/Users/poonam/.m2/repository/org/springframework/spring-expression/5.1.3.RELEASE/spring-expression-5.1.3.RELEASE-sources.jar","javadocContainerUrl":"file:/C:/Users/poonam/.m2/repository/org/springframework/spring-expression/5.1.3.RELEASE/spring-expression-5.1.3.RELEASE-javadoc.jar","isSystem":false,"isOwn":false,"isTest":false,"isJavaContent":false},{"kind":"binary","path":"C:\\Users\\poonam\\.m2\\repository\\org\\springframework\\boot\\spring-boot-starter-data-jpa\\2.1.1.RELEASE\\spring-boot-starter-data-jpa-2.1.1.RELEASE.jar","isSystem":false,"isOwn":false,"isTest":false,"isJavaContent":false},{"kind":"binary","path":"C:\\Users\\poonam\\.m2\\repository\\org\\springframework\\boot\\spring-boot-starter-aop\\2.1.1.RELEASE\\spring-boot-starter-aop-2.1.1.RELEASE.jar","isSystem":false,"isOwn":false,"isTest":false,"isJavaContent":false},{"kind":"binary","path":"C:\\Users\\poonam\\.m2\\repository\\org\\aspectj\\aspectjweaver\\1.9.2\\aspectjweaver-1.9.2.jar","sourceContainerUrl":"file:/C:/Users/poonam/.m2/repository/org/aspectj/aspectjweaver/1.9.2/aspectjweaver-1.9.2-sources.jar","javadocContainerUrl":"file:/C:/Users/poonam/.m2/repository/org/aspectj/aspectjweaver/1.9.2/aspectjweaver-1.9.2-javadoc.jar","isSystem":false,"isOwn":false,"isTest":false,"isJavaContent":false},{"kind":"binary","path":"C:\\Users\\poonam\\.m2\\repository\\org\\springframework\\boot\\spring-boot-starter-jdbc\\2.1.1.RELEASE\\spring-boot-starter-jdbc-2.1.1.RELEASE.jar","isSystem":false,"isOwn":false,"isTest":false,"isJavaContent":false},{"kind":"binary","path":"C:\\Users\\poonam\\.m2\\repository\\com\\zaxxer\\HikariCP\\3.2.0\\HikariCP-3.2.0.jar","sourceContainerUrl":"file:/C:/Users/poonam/.m2/repository/com/zaxxer/HikariCP/3.2.0/HikariCP-3.2.0-sources.jar","javadocContainerUrl":"file:/C:/Users/poonam/.m2/repository/com/zaxxer/HikariCP/3.2.0/HikariCP-3.2.0-javadoc.jar","isSystem":false,"isOwn":false,"isTest":false,"isJavaContent":false},{"kind":"binary","path":"C:\\Users\\poonam\\.m2\\repository\\org\\springframework\\spring-jdbc\\5.1.3.RELEASE\\spring-jdbc-5.1.3.RELEASE.jar","sourceContainerUrl":"file:/C:/Users/poonam/.m2/repository/org/springframework/spring-jdbc/5.1.3.RELEASE/spring-jdbc-5.1.3.RELEASE-sources.jar","javadocContainerUrl":"file:/C:/Users/poonam/.m2/repository/org/springframework/spring-jdbc/5.1.3.RELEASE/spring-jdbc-5.1.3.RELEASE-javadoc.jar","isSystem":false,"isOwn":false,"isTest":false,"isJavaContent":false},{"kind":"binary","path":"C:\\Users\\poonam\\.m2\\repository\\javax\\transaction\\javax.transaction-api\\1.3\\javax.transaction-api-1.3.jar","sourceContainerUrl":"file:/C:/Users/poonam/.m2/repository/javax/transaction/javax.transaction-api/1.3/javax.transaction-api-1.3-sources.jar","javadocContainerUrl":"file:/C:/Users/poonam/.m2/repository/javax/transaction/javax.transaction-api/1.3/javax.transaction-api-1.3-javadoc.jar","isSystem":false,"isOwn":false,"isTest":false,"isJavaContent":false},{"kind":"binary","path":"C:\\Users\\poonam\\.m2\\repository\\javax\\xml\\bind\\jaxb-api\\2.3.1\\jaxb-api-2.3.1.jar","sourceContainerUrl":"file:/C:/Users/poonam/.m2/repository/javax/xml/bind/jaxb-api/2.3.1/jaxb-api-2.3.1-sources.jar","javadocContainerUrl":"file:/C:/Users/poonam/.m2/repository/javax/xml/bind/jaxb-api/2.3.1/jaxb-api-2.3.1-javadoc.jar","isSystem":false,"isOwn":false,"isTest":false,"isJavaContent":false},{"kind":"binary","path":"C:\\Users\\poonam\\.m2\\repository\\javax\\activation\\javax.activation-api\\1.2.0\\javax.activation-api-1.2.0.jar","sourceContainerUrl":"file:/C:/Users/poonam/.m2/repository/javax/activation/javax.activation-api/1.2.0/javax.activation-api-1.2.0-sources.jar","javadocContainerUrl":"file:/C:/Users/poonam/.m2/repository/javax/activation/javax.activation-api/1.2.0/javax.activation-api-1.2.0-javadoc.jar","isSystem":false,"isOwn":false,"isTest":false,"isJavaContent":false},{"kind":"binary","path":"C:\\Users\\poonam\\.m2\\repository\\org\\hibernate\\hibernate-core\\5.3.7.Final\\hibernate-core-5.3.7.Final.jar","sourceContainerUrl":"file:/C:/Users/poonam/.m2/repository/org/hibernate/hibernate-core/5.3.7.Final/hibernate-core-5.3.7.Final-sources.jar","javadocContainerUrl":"file:/C:/Users/poonam/.m2/repository/org/hibernate/hibernate-core/5.3.7.Final/hibernate-core-5.3.7.Final-javadoc.jar","isSystem":false,"isOwn":false,"isTest":false,"isJavaContent":false},{"kind":"binary","path":"C:\\Users\\poonam\\.m2\\repository\\javax\\persistence\\javax.persistence-api\\2.2\\javax.persistence-api-2.2.jar","sourceContainerUrl":"file:/C:/Users/poonam/.m2/repository/javax/persistence/javax.persistence-api/2.2/javax.persistence-api-2.2-sources.jar","javadocContainerUrl":"file:/C:/Users/poonam/.m2/repository/javax/persistence/javax.persistence-api/2.2/javax.persistence-api-2.2-javadoc.jar","isSystem":false,"isOwn":false,"isTest":false,"isJavaContent":false},{"kind":"binary","path":"C:\\Users\\poonam\\.m2\\repository\\org\\javassist\\javassist\\3.23.1-GA\\javassist-3.23.1-GA.jar","sourceContainerUrl":"file:/C:/Users/poonam/.m2/repository/org/javassist/javassist/3.23.1-GA/javassist-3.23.1-GA-sources.jar","javadocContainerUrl":"file:/C:/Users/poonam/.m2/repository/org/javassist/javassist/3.23.1-GA/javassist-3.23.1-GA-javadoc.jar","isSystem":false,"isOwn":false,"isTest":false,"isJavaContent":false},{"kind":"binary","path":"C:\\Users\\poonam\\.m2\\repository\\net\\bytebuddy\\byte-buddy\\1.9.5\\byte-buddy-1.9.5.jar","sourceContainerUrl":"file:/C:/Users/poonam/.m2/repository/net/bytebuddy/byte-buddy/1.9.5/byte-buddy-1.9.5-sources.jar","javadocContainerUrl":"file:/C:/Users/poonam/.m2/repository/net/bytebuddy/byte-buddy/1.9.5/byte-buddy-1.9.5-javadoc.jar","isSystem":false,"isOwn":false,"isTest":false,"isJavaContent":false},{"kind":"binary","path":"C:\\Users\\poonam\\.m2\\repository\\antlr\\antlr\\2.7.7\\antlr-2.7.7.jar","isSystem":false,"isOwn":false,"isTest":false,"isJavaContent":false},{"kind":"binary","path":"C:\\Users\\poonam\\.m2\\repository\\org\\jboss\\jandex\\2.0.5.Final\\jandex-2.0.5.Final.jar","sourceContainerUrl":"file:/C:/Users/poonam/.m2/repository/org/jboss/jandex/2.0.5.Final/jandex-2.0.5.Final-sources.jar","isSystem":false,"isOwn":false,"isTest":false,"isJavaContent":false},{"kind":"binary","path":"C:\\Users\\poonam\\.m2\\repository\\org\\dom4j\\dom4j\\2.1.1\\dom4j-2.1.1.jar","sourceContainerUrl":"file:/C:/Users/poonam/.m2/repository/org/dom4j/dom4j/2.1.1/dom4j-2.1.1-sources.jar","javadocContainerUrl":"file:/C:/Users/poonam/.m2/repository/org/dom4j/dom4j/2.1.1/dom4j-2.1.1-javadoc.jar","isSystem":false,"isOwn":false,"isTest":false,"isJavaContent":false},{"kind":"binary","path":"C:\\Users\\poonam\\.m2\\repository\\org\\hibernate\\common\\hibernate-commons-annotations\\5.0.4.Final\\hibernate-commons-annotations-5.0.4.Final.jar","sourceContainerUrl":"file:/C:/Users/poonam/.m2/repository/org/hibernate/common/hibernate-commons-annotations/5.0.4.Final/hibernate-commons-annotations-5.0.4.Final-sources.jar","isSystem":false,"isOwn":false,"isTest":false,"isJavaContent":false},{"kind":"binary","path":"C:\\Users\\poonam\\.m2\\repository\\org\\springframework\\data\\spring-data-jpa\\2.1.3.RELEASE\\spring-data-jpa-2.1.3.RELEASE.jar","sourceContainerUrl":"file:/C:/Users/poonam/.m2/repository/org/springframework/data/spring-data-jpa/2.1.3.RELEASE/spring-data-jpa-2.1.3.RELEASE-sources.jar","javadocContainerUrl":"file:/C:/Users/poonam/.m2/repository/org/springframework/data/spring-data-jpa/2.1.3.RELEASE/spring-data-jpa-2.1.3.RELEASE-javadoc.jar","isSystem":false,"isOwn":false,"isTest":false,"isJavaContent":false},{"kind":"binary","path":"C:\\Users\\poonam\\.m2\\repository\\org\\springframework\\data\\spring-data-commons\\2.1.3.RELEASE\\spring-data-commons-2.1.3.RELEASE.jar","sourceContainerUrl":"file:/C:/Users/poonam/.m2/repository/org/springframework/data/spring-data-commons/2.1.3.RELEASE/spring-data-commons-2.1.3.RELEASE-sources.jar","javadocContainerUrl":"file:/C:/Users/poonam/.m2/repository/org/springframework/data/spring-data-commons/2.1.3.RELEASE/spring-data-commons-2.1.3.RELEASE-javadoc.jar","isSystem":false,"isOwn":false,"isTest":false,"isJavaContent":false},{"kind":"binary","path":"C:\\Users\\poonam\\.m2\\repository\\org\\springframework\\spring-orm\\5.1.3.RELEASE\\spring-orm-5.1.3.RELEASE.jar","sourceContainerUrl":"file:/C:/Users/poonam/.m2/repository/org/springframework/spring-orm/5.1.3.RELEASE/spring-orm-5.1.3.RELEASE-sources.jar","javadocContainerUrl":"file:/C:/Users/poonam/.m2/repository/org/springframework/spring-orm/5.1.3.RELEASE/spring-orm-5.1.3.RELEASE-javadoc.jar","isSystem":false,"isOwn":false,"isTest":false,"isJavaContent":false},{"kind":"binary","path":"C:\\Users\\poonam\\.m2\\repository\\org\\springframework\\spring-tx\\5.1.3.RELEASE\\spring-tx-5.1.3.RELEASE.jar","sourceContainerUrl":"file:/C:/Users/poonam/.m2/repository/org/springframework/spring-tx/5.1.3.RELEASE/spring-tx-5.1.3.RELEASE-sources.jar","javadocContainerUrl":"file:/C:/Users/poonam/.m2/repository/org/springframework/spring-tx/5.1.3.RELEASE/spring-tx-5.1.3.RELEASE-javadoc.jar","isSystem":false,"isOwn":false,"isTest":false,"isJavaContent":false},{"kind":"binary","path":"C:\\Users\\poonam\\.m2\\repository\\org\\slf4j\\slf4j-api\\1.7.25\\slf4j-api-1.7.25.jar","sourceContainerUrl":"file:/C:/Users/poonam/.m2/repository/org/slf4j/slf4j-api/1.7.25/slf4j-api-1.7.25-sources.jar","javadocContainerUrl":"file:/C:/Users/poonam/.m2/repository/org/slf4j/slf4j-api/1.7.25/slf4j-api-1.7.25-javadoc.jar","isSystem":false,"isOwn":false,"isTest":false,"isJavaContent":false},{"kind":"binary","path":"C:\\Users\\poonam\\.m2\\repository\\org\\springframework\\spring-aspects\\5.1.3.RELEASE\\spring-aspects-5.1.3.RELEASE.jar","sourceContainerUrl":"file:/C:/Users/poonam/.m2/repository/org/springframework/spring-aspects/5.1.3.RELEASE/spring-aspects-5.1.3.RELEASE-sources.jar","javadocContainerUrl":"file:/C:/Users/poonam/.m2/repository/org/springframework/spring-aspects/5.1.3.RELEASE/spring-aspects-5.1.3.RELEASE-javadoc.jar","isSystem":false,"isOwn":false,"isTest":false,"isJavaContent":false},{"kind":"binary","path":"C:\\Users\\poonam\\.m2\\repository\\mysql\\mysql-connector-java\\8.0.13\\mysql-connector-java-8.0.13.jar","sourceContainerUrl":"file:/C:/Users/poonam/.m2/repository/mysql/mysql-connector-java/8.0.13/mysql-connector-java-8.0.13-sources.jar","isSystem":false,"isOwn":false,"isTest":false,"isJavaContent":false},{"kind":"source","path":"C:\\Users\\poonam\\Desktop\\project help\\MyProjectAngularForSpringBoot20_07\\MyProjectAngularForSpringBoot20_07\\Spring\\BooksJunction\\src\\main\\java","outputFolder":"C:\\Users\\poonam\\Desktop\\project help\\MyProjectAngularForSpringBoot20_07\\MyProjectAngularForSpringBoot20_07\\Spring\\BooksJunction\\target\\classes","javadocContainerUrl":"file:/C:/Users/poonam/Desktop/project%20help/MyProjectAngularForSpringBoot20_07/MyProjectAngularForSpringBoot20_07/Spring/BooksJunction/target/site/apidocs","isSystem":false,"isOwn":true,"isTest":false,"isJavaContent":true},{"kind":"source","path":"C:\\Users\\poonam\\Desktop\\project help\\MyProjectAngularForSpringBoot20_07\\MyProjectAngularForSpringBoot20_07\\Spring\\BooksJunction\\src\\main\\resources","outputFolder":"C:\\Users\\poonam\\Desktop\\project help\\MyProjectAngularForSpringBoot20_07\\MyProjectAngularForSpringBoot20_07\\Spring\\BooksJunction\\target\\classes","isSystem":false,"isOwn":true,"isTest":false,"isJavaContent":false},{"kind":"source","path":"C:\\Users\\poonam\\Desktop\\project help\\MyProjectAngularForSpringBoot20_07\\MyProjectAngularForSpringBoot20_07\\Spring\\BooksJunction\\src\\test\\resources","outputFolder":"C:\\Users\\poonam\\Desktop\\project help\\MyProjectAngularForSpringBoot20_07\\MyProjectAngularForSpringBoot20_07\\Spring\\BooksJunction\\target\\test-classes","isSystem":false,"isOwn":true,"isTest":true,"isJavaContent":false},{"kind":"source","path":"C:\\Users\\poonam\\Desktop\\project help\\MyProjectAngularForSpringBoot20_07\\MyProjectAngularForSpringBoot20_07\\Spring\\BooksJunction\\src\\test\\java","outputFolder":"C:\\Users\\poonam\\Desktop\\project help\\MyProjectAngularForSpringBoot20_07\\MyProjectAngularForSpringBoot20_07\\Spring\\BooksJunction\\target\\test-classes","javadocContainerUrl":"file:/C:/Users/poonam/Desktop/project%20help/MyProjectAngularForSpringBoot20_07/MyProjectAngularForSpringBoot20_07/Spring/BooksJunction/target/site/apidocs","isSystem":false,"isOwn":true,"isTest":false,"isJavaContent":false}]}