{
	"info": {
		"_postman_id": "9f656a12-9f70-40c4-8f64-dd743a703b5a",
		"name": "Springbootcrudoperation",
		"schema": "https://schema.getpostman.com/json/collection/v2.1.0/collection.json"
	},
	"item": [
		{
			"name": "Get all employees",
			"request": {
				"method": "GET",
				"header": [],
				"body": {
					"mode": "raw",
					"raw": ""
				},
				"url": {
					"raw": "http://localhost:8080/employee/all",
					"protocol": "http",
					"host": [
						"localhost"
					],
					"port": "8080",
					"path": [
						"employee",
						"all"
					]
				}
			},
			"response": []
		},
		{
			"name": "Delete employee by id",
			"request": {
				"method": "DELETE",
				"header": [],
				"body": {
					"mode": "raw",
					"raw": ""
				},
				"url": {
					"raw": "http://localhost:8080/employee/delete/1002",
					"protocol": "http",
					"host": [
						"localhost"
					],
					"port": "8080",
					"path": [
						"employee",
						"delete",
						"1002"
					]
				}
			},
			"response": []
		},
		{
			"name": "Delete all employees",
			"request": {
				"method": "DELETE",
				"header": [],
				"body": {
					"mode": "raw",
					"raw": ""
				},
				"url": {
					"raw": "http://localhost:8080/employee/deleteall",
					"protocol": "http",
					"host": [
						"localhost"
					],
					"port": "8080",
					"path": [
						"employee",
						"deleteall"
					]
				}
			},
			"response": []
		},
		{
			"name": "Create new employee",
			"request": {
				"method": "POST",
				"header": [
					{
						"key": "Content-Type",
						"value": "application/json"
					}
				],
				"body": {
					"mode": "raw",
					"raw": "{\n    \"name\": \"Test\",\n    \"department\": \"Technology\",\n    \"salary\": 30000.50\n}"
				},
				"url": {
					"raw": "http://localhost:8080/employee/add",
					"protocol": "http",
					"host": [
						"localhost"
					],
					"port": "8080",
					"path": [
						"employee",
						"add"
					]
				}
			},
			"response": []
		},
		{
			"name": "Update existing employee",
			"request": {
				"method": "PUT",
				"header": [
					{
						"key": "Content-Type",
						"value": "application/json"
					}
				],
				"body": {
					"mode": "raw",
					"raw": "{\n    \"name\": \"Newton\",\n    \"department\": \"Administration\"\n}"
				},
				"url": {
					"raw": "http://localhost:8080/employee/update/1005",
					"protocol": "http",
					"host": [
						"localhost"
					],
					"port": "8080",
					"path": [
						"employee",
						"update",
						"1005"
					]
				}
			},
			"response": []
		},
		{
			"name": "Get employee by id",
			"request": {
				"method": "GET",
				"header": [],
				"body": {
					"mode": "raw",
					"raw": ""
				},
				"url": {
					"raw": "http://localhost:8080/employee/1003",
					"protocol": "http",
					"host": [
						"localhost"
					],
					"port": "8080",
					"path": [
						"employee",
						"1003"
					]
				}
			},
			"response": []
		}
	]
}